{"instincts": "instinct", "digits": "digit", "occipito": "occipital", "somatoform disorders": "somatoform disorder", "grants": "grant", "supplementary eye fields": "supplementary eye field", "reaction times": "reaction time", "mater": "mate", "perforating": "perforated", "dependences": "dependent", "ophthalmoplegia": "ophthalmic", "stripes": "strip", "dystrophies": "dystrophy", "hemispheric": "hemisphere", "spinocerebellar ataxias": "spinocerebellar ataxia", "nerves": "nerve", "infants": "infant", "conduct disorders": "conduct disorder", "deviations": "deviation", "thromboses": "thrombosis", "defects": "defect", "systems": "system", "visual illusions": "visual illusion", "experiential": "experience", "preferences": "preference", "orbitofrontal regions": "orbitofrontal region", "transmissible": "transmission", "branches": "branch", "neglects": "neglect", "physicians": "physician", "diseases": "disease", "sexually": "sexual", "neurotoxin": "neurotoxic", "sheaths": "sheath", "psychology": "psychological", "optic tracts": "optic tract", "cognitive dysfunctions": "cognitive dysfunction", "controls": "control", "dominantly": "dominant", "dystonic": "dystonia", "vertebrobasilar": "vertebrate", "phosphatase": "phosphate", "controlled": "control", "sensory thresholds": "sensory threshold", "inflammation": "inflammatory", "electric": "electrical", "projections": "projection", "depressive": "depression", "conduction": "conduct", "ventral roots": "ventral root", "alzheimers": "alzheimer", "blinks": "blink", "peer groups": "peer group", "mamillary bodies": "mammillary bodies", "severe mental disorders": "severe mental disorder", "aqueductal": "aqueduct", "connection": "connectivity", "congruency": "congruent", "hypoxic": "hypoxia", "deficit memory": "deficits memory", "stenoses": "stenosis", "irony": "iron", "secondary somatosensory area": "secondary somatosensory", "pains": "pain", "cooperation": "cooperative", "epileptic seizures": "epileptic seizure", "critical periods": "critical period", "correction": "correct", "crests": "crest", "alcoholic": "alcohol", "conceptualization": "concept", "talking": "taking", "cognitive impairments": "cognitive impairment", "pyramids": "pyramidal", "movements": "movement", "limbs": "limb", "faces": "face", "headaches": "headache", "categorical": "categories", "hierarchies": "hierarchy", "inattentional": "inattention", "features": "feature", "predictions": "prediction", "duplications": "duplication", "centre": "center", "shifts": "shift", "females": "female", "encephalomalacia": "encephalitis", "defenses": "defense", "characteristic human": "characteristics human", "noticeable differences": "noticeable difference", "stratum": "striatum", "olfactory bulbs": "olfactory bulb", "testings": "testing", "fathers": "father", "parietal regions": "parietal region", "dystonias": "dystonia", "social behaviors": "social behavior", "papilla": "papilloma", "hypothalamic": "hypothalamus", "drive": "driven", "sized": "size", "fears": "fear", "patterns": "pattern", "groups": "group", "mesencephalon": "mesencephalic", "self reported": "self report", "myopathic": "myopathies", "integrating": "interaction", "issues": "issue", "premotor areas": "premotor area", "vertebral": "vertebrate", "failures": "failure", "intentionality": "intention", "computers": "computer", "controlling": "control", "opercular": "opercularis", "metal": "meta", "sleep disorders": "sleep disorder", "imaginative": "imagination", "temporalis": "temporal", "muscular dystrophies": "muscular dystrophy", "cingular": "cingulate", "externa": "external", "gifts": "gift", "perforation": "perforated", "drug seeking behaviors": "drug seeking behavior", "area motor": "areas motor", "programmed": "program", "cords": "cord", "frequencies": "frequency", "food preferences": "food preference", "dissociated": "dissociation", "stages": "stage", "skills": "skill", "representations": "representation", "integration": "interaction", "molecule": "molecular", "depressive disorders": "depressive disorder", "dreams": "dream", "bipolar disorders": "bipolar disorder", "externalizing": "external", "hypotonia": "hypotonic", "cravings": "craving", "proliferative": "proliferation", "tubercular": "tuberculous", "errors": "error", "family members": "family member", "clustering": "cluster", "discriminated": "discrimination", "regulating": "regulation", "obsessive compulsive disorders": "obsessive compulsive disorder", "arousals": "arousal", "intraparenchymal": "intraparietal", "visually": "visual", "intentional": "intention", "curricula": "curriculum", "hemangiomas": "hemangioma", "scenes": "scene", "aneurysms": "aneurysm", "salty": "salt", "animals": "animal", "isolations": "isolation", "attitudes": "attitude", "responsibilities": "response", "modifications": "modification", "problems": "problem", "analgesia": "analgesic", "collections": "collection", "heterotopias": "heterotypic", "meningeal": "meninges", "contraception": "contraceptive", "choroidal": "choroid", "subjective": "subject", "noradrenaline": "noradrenergic", "spines": "spin", "cognitive functions": "cognitive function", "contextual": "context", "differentiations": "difference", "meetings": "meeting", "hypoactive": "hypoactivation", "pituitary adenomas": "pituitary adenoma", "dissecting": "dissection", "reserves": "reserve", "games": "game", "atherosclerotic": "atherosclerosis", "stems": "stem", "discriminatory": "discrimination", "directed": "direct", "aneurysmal": "aneurysm", "secreting": "secretion", "vestibulo": "vestibular", "parenteral": "parent", "supplementary motor areas": "supplementary motor area", "orbitalis": "orbital", "problems behavioral": "problem behavior", "polyneuropathies": "polyneuropathy", "parents": "parent", "intervals": "interval", "breast feeding": "breastfeeding", "dependencies": "dependent", "rearings": "rearing", "parvicellular": "parvocellular", "dyskinesias": "dyskinesia", "temporopolar": "temporo parietal", "hemorrhages": "hemorrhage", "fistulas": "fistula", "changes": "change", "multisystemic": "multisystem", "impairments": "impairment", "senses": "sense", "acceptors": "acceptor", "reductions": "reduction", "islands": "island", "impulsiveness": "impulsivity", "integrative": "interaction", "visual fields": "visual field", "folds": "fold", "paresthesias": "paresthesia", "structures group": "structure group", "aches": "ache", "predictive": "prediction", "auditory areas": "auditory area", "telencephalic": "telencephalon", "intermedia": "intermediate", "powers": "power", "behaviors social": "behavior social", "nociception": "nociceptive", "atrophies": "atrophic", "persisting": "persistent", "rewards": "reward", "stokes": "stroke", "self evaluations": "self evaluation", "psychophysiology": "psychophysiological", "distributed": "distribution", "risky": "risk", "panic attacks": "panic attack", "constancy": "constant", "hypothalamo": "hypothalamus", "memory disorders": "memory disorder", "negative emotional": "negative emotions", "communicating": "communication", "cerebellar": "cerebellum", "organs": "organ", "adenomas": "adenoma", "robertson": "roberts", "gaits": "gait", "thresholds": "threshold", "states": "state", "encephalomyelitis": "encephalitis", "immobilization": "immobility", "nigral": "nigra", "cramps": "cramp", "autism spectrum disorders": "autism spectrum disorder", "roles": "role", "nmdar": "nmda", "zones": "zone", "writings": "writing", "expressions": "expression", "life styles": "lifestyle", "colliculi": "colliculus", "superficialis": "superficial", "births": "birth", "drugs": "drug", "supplemental": "supplementary", "syntactical": "syntactic", "adrenocorticotropin": "adrenocorticotropic", "sleep stages": "sleep stage", "functional": "function", "monoaminergic": "monoamine", "grande": "grand", "compacta": "compact", "occlusions": "occlusion", "photographic": "photographs", "spectrum disorders": "spectrum disorder", "glomerulus": "glomerular", "criticisms": "criticism", "polare": "polar", "intermediolateral": "intermediate", "schizophrenic disorders": "schizophreniform disorder", "startle responses": "startle response", "disturbed": "disturbance", "economies": "economic", "phenomena": "phenomenon", "diencephalic": "diencephalon", "locus ceruleus": "locus coeruleus", "recognize": "recognized", "predilection": "prediction", "innominate": "innominata", "stereotyping": "stereotyped", "reticulate": "reticular", "reticularis": "reticular", "conditions": "condition", "intentions": "intention", "attacks": "attack", "fronto temporal": "frontotemporal", "medullaris": "medulla", "negotiations": "negotiating", "images": "image", "insufficiencies": "insufficient", "ruptures": "rupture", "neurodegenerative disorders": "neurodegenerative disorder", "motivational": "motivation", "personality disorders": "personality disorder", "dopaminergic": "dopamine", "ovale": "oval", "scars": "scar", "persistence": "persistent", "amygdalae": "amygdala", "neurally": "neural", "productive": "production", "scales": "scale", "financial disclosures": "financial disclosure", "exertional": "exertion", "neuropathies": "neuropathy", "names": "name", "auditory thresholds": "auditory threshold", "shapes": "shape", "neurodegenerative diseases": "neurodegenerative disease", "consummatory behaviors": "consummatory behavior", "depressed": "depression", "interactions": "interaction", "conception": "concept", "phonetics": "phonetic", "hemorrhagic": "hemorrhage", "anticipatory": "anticipation", "memory deficits": "memory deficit", "disparities": "disparity", "schizophrenic": "schizophrenia", "vestibulospinal": "vestibular", "papillomas": "papilloma", "dominance": "dominant", "phobias": "phobia", "aggression": "aggressive", "impulsive behaviors": "impulsive behavior", "social norms": "social norm", "convolutions": "convolution", "blunts": "blunt", "tractus": "tract", "demands": "demand", "dyskinetic": "dyskinesia", "lobes frontal": "lobe frontal", "febrile seizures": "febrile seizure", "ratings": "rating", "visions": "vision", "variants": "variant", "parent child relationships": "parent child relationship", "region occipital": "regions occipital", "habenular": "habenula", "infectious": "infection", "discriminations": "discrimination", "schedules": "schedule", "temporal regions": "temporal region", "ventriculomegaly": "ventricular", "manipulate": "manipulation", "imagined": "imagine", "ridges": "ridge", "frontoparietal": "fronto parietal", "abscesses": "abscess", "externally": "external", "rapid eye movements": "rapid eye movement", "restlessness": "restless", "spatially": "spatial", "generalization": "general", "communications": "communication", "attend": "attended", "competitive": "competing", "biomarkers": "biomarker", "rotational": "rotation", "meningiomas": "meningioma", "objects": "object", "cauda": "caudal", "absence seizures": "absence seizure", "parkinsonism": "parkinson", "emotional disturbances": "emotional disturbance", "afferents": "afferent", "writers": "write", "stimulating": "stimulation", "tuber": "tube", "resources": "resource", "expressive": "expression", "sources": "source", "bands": "band", "diets": "diet", "fasciculation": "fasciculus", "brainstems": "brainstem", "ruptured": "rupture", "infarcts": "infarction", "rheumatism": "rheumatic", "tasking": "taking", "spouses": "spouse", "substances": "substance", "responsible": "response", "manipulations": "manipulation", "temporary": "temporal", "retinae": "retinal", "motor neuron diseases": "motor neuron disease", "cerebello": "cerebellum", "transferase": "transfer", "consciousness": "conscious", "opercula": "opercularis", "neuropathic": "neuropathy", "cognitively": "cognitive", "lenticulostriate": "lenticular", "localizations": "localization", "hippocampal": "hippocampus", "barr\u00e9": "barr", "conflicting": "conflict", "centers": "center", "completed": "complete", "dysphoria": "dysphoric", "compulsive behaviors": "compulsive behavior", "streams": "stream", "responses": "response", "neurocognitive disorders": "neurocognitive disorder", "parietal lobes": "parietal lobe", "cycles": "cycle", "beliefs": "belief", "language disorders": "language disorder", "segments": "segment", "claims": "claim", "stage sleep": "stages sleep", "dependency": "dependent", "magnocellularis": "magnocellular", "compressions": "compression", "phenotypes": "phenotype", "temporal horns": "temporal horn", "letters": "letter", "animal behaviors": "animal behavior", "programs": "program", "inferior colliculi": "inferior colliculus", "disorder anxiety": "disorders anxiety", "columns": "column", "inhibitions": "inhibition", "branchial": "brachial", "cingulate regions": "cingulate region", "extinctions": "extinction", "depressive symptoms": "depressive symptom", "pseudowords": "pseudoword", "metabolism": "metabolic", "concepts": "concept", "moods": "mood", "encephalic": "encephalitis", "disciplinary": "discipline", "triangularis": "triangular", "neuromuscular diseases": "neuromuscular disease", "flows": "flow", "articulations": "articulation", "pictures": "picture", "metals": "meta", "aphasias": "aphasia", "withdrawn": "withdrawal", "cerebellopontine": "cerebellum", "dysfunctions": "dysfunction", "gelatinosa": "gelatinous", "cognitive declines": "cognitive decline", "proteinopathy": "proteinopathies", "life experiences": "life experience", "cognitive tasks": "cognitive task", "detections": "detection", "manifestations": "manifestation", "unconsciousness": "unconscious", "weaknesses": "weakness", "migraines": "migraine", "deliberation": "deliberate", "relation": "relationship", "ataxias": "ataxia", "purkinje cells": "purkinje cell", "prefronto": "prefrontal", "paths": "path", "signs": "sign", "regio": "region", "familiarity": "familiar", "rhythms": "rhythm", "heuristics": "heuristic", "electronic": "electrical", "ulcers": "ulcer", "segmental": "segment", "targets": "target", "mental disorders": "mental disorder", "self injurious behaviors": "self injurious behavior", "semantics": "semantic", "occipital lobes": "occipital lobe", "spine": "spin", "vocalizations": "vocalization", "memory tasks": "memory task", "metacognition": "metacognitive", "coping behaviors": "coping behavior", "neurotoxicity": "neurotoxic", "hemianopsia": "hemianopia", "apneas": "apnea", "divisions": "division", "humans": "human", "galactose": "galactosidase", "emotionally": "emotional", "closures": "closure", "roots": "root", "contiguous": "continuous", "impairments visual": "impairment visual", "disordered": "disorder", "withdrawals": "withdrawal", "noticeable difference jnd": "noticeable difference", "cytoarchitectural": "cytoarchitecture", "eating behaviors": "eating behavior", "spino": "spin", "cancers": "cancer", "effects": "effect", "schizophreniform": "schizophrenia", "concentric": "concentration", "functions sensory": "function sensory", "post traumatic stress disorders": "post traumatic stress disorder", "initiating": "initiation", "transitional": "transition", "compensatory": "compensate", "words": "word", "alcohol use disorders": "alcohol use disorder", "reinforcements": "reinforcement", "models": "model", "behaviors animal": "behavior animal", "zonal": "zona", "discriminate": "discrimination", "executive functions": "executive function", "conversational": "conversion", "continua": "continuous", "cerebellum white matter": "cerebellar white matter", "simplex": "simple", "region parietal": "regions parietal", "infarct": "infarction", "temperaments": "temperament", "alcoholism": "alcohol", "absences": "absence", "developmental": "development", "assessments": "assessment", "interactive": "interaction", "feedings": "feeding", "hallucinations": "hallucination", "reactions": "reaction", "third ventricles": "third ventricle", "hypothalami": "hypothalamus", "divorce": "divorced", "styles": "style", "locations": "location", "insular": "insula", "adaptive behaviors": "adaptive behavior", "frontal eye fields": "frontal eye field", "anterior insular": "anterior insula", "narcoleptic": "narcolepsy", "detect": "detected", "levels": "level", "orientations": "orientation", "attentions": "attention", "points": "point", "internal capsules": "internal capsule", "articulatory": "articulation", "languages": "language", "region cingulate": "regions cingulate", "trainings": "training", "nervousness": "nervous", "appraisals": "appraisal", "social interactions": "social interaction", "relevance": "relevant", "stalks": "stalk", "cerebelli": "cerebellum", "limbic systems": "limbic system", "stripe": "strip", "sensations": "sensation", "maxillary": "axillary", "life style": "lifestyle", "electrodermal responses": "electrodermal response", "individual differences": "individual difference", "opinions": "opinion", "tecta": "tectal", "specificity": "specific", "fissures": "fissure", "articular": "articulation", "martinez": "martin", "households": "household", "characters": "characteristic", "distortions": "distortion", "physiologic": "physiological", "convergent": "convergence", "avoidance behaviors": "avoidance behavior", "stressor": "stress", "associate": "associated", "decisions": "decision", "astrocytoma": "astrocytes", "occipitofrontal": "occipito temporal", "health": "healthy", "diagnostic": "diagnosis", "body images": "body image", "abnormalities": "abnormal", "perceptions": "perception", "rhythmic": "rhythm", "migrations": "migration", "fusions": "fusion", "radiate": "radiata", "brain stem": "brainstem", "networks": "network", "orbitomeatal": "orbitomedial", "chiasma": "chiasm", "positional": "position", "radiating": "radiation", "examinations": "examination", "damages": "damage", "ideational": "ideation", "conceptual": "concept", "base": "based", "passively": "passive", "stresses": "stress", "percept": "perception", "catecholaminergic": "catecholamine", "problem behaviors": "problem behavior", "classic": "classical", "tastes": "taste", "smoking habits": "smoking habit", "graphemic": "grapheme", "epileptiform": "epileptic", "brodmann areas": "brodmann area", "functions cognitive": "function cognitive", "concussions": "concussion", "tumors": "tumor", "malformations": "malformation", "consensual": "consensus", "evaluations": "evaluation", "virtues": "virtue", "marriages": "marriage", "laterality": "lateral", "husbands": "husband", "psychoses": "psychosis", "topographical": "topographic", "veins": "vein", "peduncles": "peduncle", "grandparents": "grandparent", "tauopathies": "tauopathy", "valuation": "evaluation", "leptomeninges": "leptomeningeal", "home ranges": "home range", "instructions": "instruction", "alzheimers disease": "alzheimer disease", "neurologic": "neurological", "ependymoma": "ependymal", "eating disorders": "eating disorder", "attention bias": "attentional bias", "johnston": "johnson", "rules": "rule", "relationships": "relationship", "middle cerebellar peduncles": "middle cerebellar peduncle", "remembering": "remember", "symptomatic": "symptom", "sciatica": "sciatic", "desire": "desired", "maternal behaviors": "maternal behavior", "feeding behaviors": "feeding behavior", "commisure": "commissure", "fibres": "fibre", "nurses": "nurse", "lacunar infarctions": "lacunar infarction", "behaviors": "behavior", "centralis": "central", "tremors": "tremor", "analogy": "analog", "matters": "matter", "frontalis": "frontal", "contexts": "context", "ventralis": "ventral", "verbs": "verb", "body representations": "body representation", "categorization": "categories", "glomeruli": "glomerular", "practices": "practice", "spaces": "space", "generalizations": "general", "daughters": "daughter", "kinaesthetic": "kinesthetic", "barrels": "barrel", "eminences": "eminence", "pleasantness": "pleasant", "pallium": "pallidus", "function executive": "functions executive", "infundibulum": "infundibular", "group structures": "group structure", "aftereffects": "aftereffect", "disks": "disk", "mode": "model", "degenerative": "degeneration", "semantically": "semantic", "pain thresholds": "pain threshold", "contusions": "contusion", "sign languages": "sign language", "disputes": "dispute", "ventricles": "ventricular", "lobes": "lobe", "stereotypes": "stereotyped", "connections": "connectivity", "monitor": "monitoring", "eye movements": "eye movement", "gains": "gain", "students": "student", "personal": "person", "sizes": "size", "functions": "function", "neurotic": "neuroticism", "medial": "medical", "principle": "principal", "fields visual": "field visual", "encephalopathies": "encephalitis", "pathways": "pathway", "goals": "goal", "dependence": "dependent", "carcinomas": "carcinoma", "mental states": "mental state", "bundles": "bundle", "disorganization": "disorganized", "couples": "coupled", "affects": "affect", "catatonia": "catatonic", "traits": "trait", "ranges": "range", "socially": "social", "medialis": "medical", "external capsules": "external capsule", "dural": "dura", "barriers": "barrier", "paroxysms": "paroxysmal", "hematomas": "hematoma", "perforations": "perforated", "scotomas": "scotoma", "transections": "transection", "shows": "show", "spina": "spin", "masking": "making", "hippocampi": "hippocampus", "expressed emotions": "expressed emotion", "conversation": "conversion", "emotion": "emotional", "lateralized": "lateral", "schedules reinforcement": "schedule reinforcement", "stimulations": "stimulation", "interactions social": "interaction social", "suicides": "suicide", "neurofibromatosis": "neurofibrillary", "individuality": "individual", "textbooks": "textbook", "structural": "structure", "optica": "optic", "loops": "loop", "responsibility": "response", "corona": "coronary", "self assessments": "self assessment", "preparatory": "preparation", "separations": "separation", "experiencing": "experience", "items": "item", "generative": "generation", "correctly": "correct", "visual areas": "visual area", "addictions": "addiction", "negotiation": "negotiating", "herbivores": "herbivore", "actions": "action", "rejections": "rejection", "reacting": "reaction", "compensation": "compensate", "hemianopic": "hemianopia", "disorders mental": "disorder mental", "neoplasms": "neoplasm", "cerebellar peduncles": "cerebellar peduncle", "outcomes": "outcome", "defensive": "defense", "cysts": "cyst", "plaques": "plaque", "risk behaviors": "risk behavior", "competency": "competence", "neurogenic": "neurogenesis", "clefts": "cleft", "tasks": "task", "infections": "infection", "differences": "difference", "primary motor areas": "primary motor area", "attenuation": "attention", "primary brain tumors": "primary brain tumor", "pathologic": "pathological", "carriers": "carrier", "caudalis": "caudal", "remembered": "remember", "dimensions": "dimensional", "members": "member", "radiations": "radiation", "resolutions": "resolution", "superior colliculi": "superior colliculus", "erythema": "erythematosus", "primary somatosensory areas": "primary somatosensory", "behavioral": "behavior", "longterm": "long term", "interoception": "interoceptive", "involuntary movements": "involuntary movement", "conductive": "conduct", "mild cognitive impairments": "mild cognitive impairment", "intermedius": "intermediate", "concurrently": "concurrent", "thoughts": "thought", "competition": "competing", "differential": "difference", "lobules": "lobule", "schwannomas": "schwannoma", "sensorimotor areas": "sensorimotor area", "developmental disability": "developmental disabilities", "distances": "distance", "regions": "region", "bells": "bell", "tubercles": "tubercle", "sentences": "sentence", "perineal": "perineural", "learning disability": "learning disabilities", "tonic clonic seizures": "tonic clonic seizure", "brothers": "brother", "saccades": "saccade", "auras": "aura", "partners": "partner", "supratemporal": "supratentorial", "dysphonia": "dysphoric", "pairs": "pair", "obsessions": "obsession", "occipitotemporal": "occipito temporal", "sequences": "sequence", "declines cognitive": "decline cognitive", "somatosensation": "somatosensory", "response times": "response time", "temporal lobes": "temporal lobe", "horns": "horn", "character": "characteristic", "exploration": "exploratory", "seizures": "seizure", "areal": "area", "uncertain": "uncertainty", "leaks": "leak", "collaterals": "collateral", "ependyma": "ependymal", "frontal lobes": "frontal lobe", "disorders": "disorder", "suppressed": "suppression", "familial": "familiar", "retina": "retinal", "hemiplegic": "hemiplegia", "videos": "video", "insufficiency": "insufficient", "capsula": "capsular", "inferences": "inference", "convulsive": "convulsions", "ambiguus": "ambiguous", "strips": "strip", "deficient": "deficit", "reticulata": "reticular", "neurons": "neuronal", "parental": "parent", "adjustments": "adjustment", "disabilities": "disability", "sounds": "sound", "conditioning": "condition", "clarke": "clark", "corticostriatal": "corticospinal", "degenerations": "degeneration", "regional": "region", "brains": "brain", "selections": "selection", "perforant": "perforated", "patient preferences": "patient preference", "area auditory": "areas auditory", "disclosures": "disclosure", "belly": "bell", "traumas": "trauma", "syndromes": "syndrome", "eleventh": "eleven", "subventricular zones": "subventricular zone", "specification": "specific", "substance use disorders": "substance use disorder", "discriminative": "discrimination", "relations": "relationship", "motor responses": "motor response", "conductances": "conduct", "parahippocampus": "parahippocampal", "infarctions": "infarction", "forms": "form", "shame": "sham", "stereotypic": "stereotyped", "dorsal roots": "dorsal root", "visuo spatial": "visuospatial", "experiences": "experience", "dissociative": "dissociation", "clubs": "club", "dysfunctional": "dysfunction", "arteriosclerotic": "arteriosclerosis", "temporoparietal": "temporo parietal", "sisters": "sister", "strategic": "strategies", "deficiency": "deficit", "intellectual disabilities": "intellectual disability", "intoxicated": "intoxication", "punishments": "punishment", "reading disorders": "reading disorder", "connective": "connectivity", "alterations": "alteration", "writer": "write", "parietooccipital": "parieto occipital", "dynamics": "dynamic", "adolescence": "adolescents", "collicular": "colliculus", "appetitive behaviors": "appetitive behavior", "resistant": "resistance", "plexuses": "plexus", "excesses": "excess", "feedbacks": "feedback", "visual impairments": "visual impairment", "sensitivity": "sensitive", "optic radiations": "optic radiation", "clinically": "clinical", "association": "associated", "processing": "process", "emotions": "emotional", "choices": "choice", "comparisons": "comparison", "relationships family": "relationship family", "integrate": "interaction", "deaths": "death", "distributions": "distribution", "fields": "field", "distraction": "distractor", "trapping": "tapping", "analyses": "analysis", "delays": "delay", "bulbs": "bulb", "shows patient": "show patients", "prion diseases": "prion disease", "schizoaffective disorders": "schizoaffective disorder", "plates": "plate", "thrombotic": "thrombosis", "expectations": "expectation", "processes group": "process group", "occipital temporal": "occipito temporal", "ventricle": "ventricular", "moleculare": "molecular", "persons": "person", "psychopathic": "psychotic", "mamillary": "mammillary", "speakers": "speaker", "episodes": "episode", "values": "value", "transfers": "transfer", "psychotic disorders": "psychotic disorder", "reinforcement schedules": "reinforcement schedule", "findings": "finding", "herbivory": "herbivore", "areas primary motor": "area primary motor", "bilaterally": "bilateral", "proprioception": "proprioceptive", "adults": "adult", "facial expressions": "facial expression", "tones": "tone", "associative": "associated", "personality": "person", "relational": "relationship", "encode": "encoded", "focal seizures": "focal seizure", "displacements": "displacement", "heads": "head", "generalized": "general", "influenzae": "influence", "posteriors": "posterior", "lifestyles": "lifestyle", "compliant": "complaints", "incentives": "incentive", "dimension": "dimensional", "anatomic": "anatomical", "surveys": "survey", "ischemia": "ischemic", "fimbrial": "fimbria", "commissural": "commissure", "report": "reported", "orientations spatial": "orientation spatial", "insula region": "insular region", "deficits": "deficit", "patient show": "patients show", "language delays": "language delay", "inhibit": "inhibition", "major depressive disorders": "major depressive disorder", "emotions expressed": "emotion expressed", "patients": "patient", "associations": "associated", "researcher": "research", "delusional": "delusions", "judgments": "judgment", "minimally": "minimal", "programming": "program", "detecting": "detection", "hemispheres": "hemisphere", "social skills": "social skill", "physiology": "physiological", "eye fields": "eye field", "cerebri": "cerebro", "sarcomas": "sarcoma", "adrenaline": "adrenal", "strokes": "stroke", "temporale": "temporal", "medically": "medical", "deficiencies": "deficit", "regressions": "regression", "schemas": "schema", "visual hallucinations": "visual hallucination", "hopes": "hope", "anxiety disorders": "anxiety disorder", "learning disorders": "learning disorder", "concentrations": "concentration", "panic disorders": "panic disorder", "hands": "hand", "cerebral ventricles": "cerebral ventricle", "ventrolateral prefrontal": "ventrolateral prefrontal cortex", "capsules": "capsule", "pyramidale": "pyramidal", "intents": "intent", "parietal lobules": "parietal lobule", "situational": "situation", "affective disorders": "affective disorder", "characteristics": "characteristic", "periods": "period", "neocortices": "neocortical", "parts": "part", "continuum": "continuous", "interpositus": "interposed", "systemic": "system", "glands": "gland", "integrated": "interaction", "interna": "internal", "exploratory behaviors": "exploratory behavior", "avoidant": "avoidance", "internalizing": "internal", "morphological": "morphology", "white matters": "white matter", "traumatization": "traumatic", "posterior cingulate regions": "posterior cingulate region", "sellar": "sella", "peripheral neuropathies": "peripheral neuropathy", "paranoia": "paranoid", "formations": "formation", "neuro": "neuronal", "cognitive symptoms": "cognitive symptom", "thalami": "thalamo", "mediation": "mediating", "clients": "client", "periodic": "period", "structures": "structure", "shocks": "shock", "angles": "angle", "depressive syndromes": "depressive syndrome", "brain tumors": "brain tumor", "locomotion": "locomotor", "displaced": "displacement", "dissections": "dissection", "mothers": "mother", "occipitoparietal": "occipito temporal", "amygdalo": "amygdala", "responsive": "response", "terminalis": "terminal", "fractures": "fracture", "laminae": "laminar", "convoluted": "convolution", "cerebellum vermis": "cerebellar vermis", "hyperactivation": "hyperactivity", "primary somatosensory area": "primary somatosensory", "fourth ventricles": "fourth ventricle", "centered": "center", "recalls": "recall", "layers": "layer", "anterior thalamic radiations": "anterior thalamic radiation", "appetite": "appetitive", "accurately": "accurate", "cornea": "corneal", "sclerosing": "sclerosis", "communicative": "communication", "refusals": "refusal", "psychologic": "psychological", "tracts": "tract", "abnormality": "abnormal", "media": "median", "disturbances": "disturbance", "lateral ventricles": "lateral ventricle", "facies": "face", "obligations": "obligation", "attentional": "attention", "epilepsia": "epilepsies", "disagreements": "disagreement", "health behaviors": "health behavior", "developments": "development", "cingulate areas": "cingulate area", "communicative disorders": "communication disorders", "participation": "participate", "habits": "habit", "cerebral peduncles": "cerebral peduncle", "orthography": "orthographic", "regulatory": "regulation", "hoffmann": "hoffman", "efferents": "efferent", "events": "event", "amygdala responses": "amygdala response", "concussive": "concussion", "compass": "compassion", "tic disorders": "tic disorder", "probabilistic": "probability", "cells": "cell", "sensory functions": "sensory function", "conflicts": "conflict", "economo": "economy", "cerebral hemispheres": "cerebral hemisphere", "cognitive process": "cognitive processes", "approach behaviors": "approach behavior", "pupils": "pupil", "epilepticus": "epileptic", "complexity": "complex", "occipital regions": "occipital region", "respiration": "respiratory", "generations": "generation", "impulsive": "impulsivity", "lamina": "laminar", "neurodegeneration": "neurodegenerative", "symptoms": "symptom", "cognitions": "cognition", "pyramid": "pyramidal", "inhibitory": "inhibition", "specified": "specific", "pallidum": "pallidus", "medullary": "medulla", "trunks": "trunk", "spasms": "spasm", "achievements": "achievement", "personalities": "person", "dementias": "dementia", "medullar": "medulla", "gliomas": "glioma", "mood disorders": "mood disorder", "crossmodal": "cross modal", "feelings": "feeling", "lateralis": "lateral", "bonds": "bond", "adaptations": "adaptation", "complex partial seizures": "complex partial seizure", "lateralization": "lateral", "ceruleus": "coeruleus", "norms": "norm", "times": "time", "inclusions": "inclusion", "activating": "activation", "willis": "willi", "cortical dysplasias": "cortical dysplasia", "constructional": "construction", "deteriorations": "deterioration", "amyloidosis": "amyloid", "identifications": "identification", "tympani": "tympanic", "conditioned": "condition", "depressions": "depression", "teratomas": "teratoma", "confusional": "confusion", "dysplasias": "dysplasia", "neurologic deficits": "neurologic deficit", "individuation": "individual", "tibialis": "tibial", "unions": "union", "contributions": "contribution", "generalized seizures": "generalized seizure", "ducts": "duct", "spastic": "spasticity", "elective": "selective", "contrastive": "contrast", "reviews": "review", "conditional": "condition", "neurodevelopmental disorders": "neurodevelopmental disorder", "aspirations": "aspiration", "recesses": "recess", "tools": "tool", "impairments cognitive": "impairment cognitive", "genes": "gene", "heterotopia": "heterotypic", "misperceptions": "misperception", "orders": "order", "declines": "decline", "phosphenes": "phosphene", "difficulty": "difficult", "region posterior cingulate": "regions posterior cingulate", "motor areas": "motor area", "demyelinating diseases": "demyelinating disease", "difference individual": "differences individual", "hunters": "hunter", "gestures": "gesture", "representations body": "representation body", "anosmia": "anomia", "forebrains": "forebrain", "ideations": "ideation", "region temporal": "regions temporal", "neuron": "neuronal", "pathology": "pathological", "burns": "burn", "processes": "process", "distractors": "distractor", "fasciculations": "fasciculus", "insulae": "insula", "areas": "area", "neutral": "neural", "rates": "rate", "marginalization": "marginal", "commissures": "commissure", "stereotyped behaviors": "stereotyped behavior", "amygdalar": "amygdala", "fibers": "fiber", "swallow": "swallowing", "picks": "pick", "pencils": "pencil", "defensiveness": "defense", "dropouts": "dropout", "asymmetric": "asymmetry", "conductance": "conduct", "muscles": "muscle", "lesions": "lesion", "repetitive": "repetition", "cisterna": "cistern", "drives": "driven", "carcinomatosis": "carcinoma", "addictive behaviors": "addictive behavior", "recognizing": "recognized", "major depressive": "major depression", "illusions": "illusion", "dorsalis": "dorsal", "vesicles": "vesicle", "nouns": "noun", "visualizations": "visualization", "reticulo": "reticulospinal", "multiplex": "multiple", "auditory hallucinations": "auditory hallucination", "deformities": "deformity", "siblings": "sibling", "demyelinating": "demyelination"}